{
  "menu": [
    {
      "route": "dashboard",
      "name": "dashboard",
      "type": "link",
      "icon": "dashboard",
      "badge": {
        "color": "red-500",
        "value": "5"
      }
    },
    {
      "route": "dashboardbuilder",
      "name": "Users",
      "type": "link",
      "icon": "dashboard"
    },
    {
      "route": "gptassistant",
      "name": "gptAssistant",
      "type": "link",
      "icon": "dashboard"
    },
    {
      "route": "/",
      "name": "sessions",
      "type": "sub",
      "icon": "question_answer",
      "children": [
        {
          "route": "403",
          "name": "403",
          "type": "link"
        },
        {
          "route": "404",
          "name": "404",
          "type": "link"
        },
        {
          "route": "500",
          "name": "500",
          "type": "link"
        }
      ]
    }
  ]
}
